{
  "D": [
    [
      1182.0,
      365.86703527374533
    ],
    [
      882.0,
      345.6427662703214
    ],
    [
      1482.0,
      297.7850262773466
    ],
    [
      584.0,
      244.8862778158466
    ],
    [
      1480.0,
      239.72479338295403
    ],
    [
      582.0,
      238.55791520352034
    ],
    [
      1484.0,
      199.94793267560934
    ],
    [
      1170.0,
      187.65113700361636
    ]
  ],
  "G": [
    [
      990.0,
      242.12679077809625
    ],
    [
      492.0,
      207.34374764506404
    ],
    [
      988.0,
      155.36766500184328
    ],
    [
      992.0,
      153.24887209005814
    ],
    [
      380.0,
      152.56863849797244
    ],
    [
      382.0,
      147.35671668819512
    ],
    [
      378.0,
      119.42474830541825
    ],
    [
      384.0,
      110.43539984562241
    ],
    [
      386.0,
      91.33934517261716
    ]
  ],
  "C": [
    [
      1050.0,
      213.147799367012
    ],
    [
      654.0,
      162.38951171681316
    ],
    [
      520.0,
      138.1458341187855
    ],
    [
      1048.0,
      135.20326133270603
    ],
    [
      784.0,
      111.49143394785987
    ],
    [
      786.0,
      108.92900138966665
    ],
    [
      656.0,
      107.42967358055688
    ],
    [
      652.0,
      84.24760057785029
    ],
    [
      782.0,
      83.83696510937165
    ],
    [
      788.0,
      83.4855491331434
    ]
  ],
  "E": [
    [
      988.0,
      364.2395116883944
    ],
    [
      986.0,
      252.8939686410097
    ],
    [
      654.0,
      207.2681498385606
    ],
    [
      490.0,
      193.83338931283228
    ],
    [
      492.0,
      186.31344347295502
    ],
    [
      652.0,
      150.56757203993163
    ],
    [
      984.0,
      146.35661845514537
    ],
    [
      832.0,
      139.7434451727522
    ],
    [
      1314.0,
      124.02806118349791
    ],
    [
      656.0,
      109.27268428683355
    ]
  ],
  "test": [],
  "test2": []
}