{
  "D": [
    [
      1182.0,
      365.86703527374533
    ],
    [
      882.0,
      345.6427662703214
    ],
    [
      1482.0,
      297.7850262773466
    ],
    [
      584.0,
      244.8862778158466
    ],
    [
      1480.0,
      239.72479338295403
    ],
    [
      582.0,
      238.55791520352034
    ],
    [
      1484.0,
      199.94793267560934
    ],
    [
      1170.0,
      187.65113700361636
    ]
  ],
  "G": [
    [
      584.0,
      245.0635839047695
    ],
    [
      496.0,
      194.98478506347618
    ],
    [
      398.0,
      180.19106612842936
    ],
    [
      396.0,
      174.74655754835345
    ],
    [
      1172.0,
      127.25744007596373
    ],
    [
      586.0,
      112.3830772611584
    ],
    [
      400.0,
      98.77073556031159
    ],
    [
      990.0,
      94.67473098720693
    ],
    [
      498.0,
      90.78773105092449
    ]
  ],
  "C": [
    [
      526.0,
      151.4518281500755
    ],
    [
      656.0,
      117.62576796375231
    ],
    [
      660.0,
      109.48115384336704
    ],
    [
      658.0,
      105.79677692544561
    ],
    [
      654.0,
      98.0564250827043
    ],
    [
      528.0,
      96.27349043707463
    ],
    [
      1058.0,
      87.3859608423673
    ],
    [
      330.0,
      83.08901653027763
    ],
    [
      1054.0,
      80.1430422841715
    ],
    [
      328.0,
      80.02363542455754
    ]
  ],
  "E": [
    [
      498.0,
      204.69450369697276
    ],
    [
      998.0,
      138.8831568261609
    ],
    [
      658.0,
      128.41161539654425
    ],
    [
      828.0,
      122.37931714805815
    ],
    [
      1314.0,
      111.66555114492563
    ],
    [
      990.0,
      108.4358879563173
    ],
    [
      654.0,
      95.79434045945773
    ],
    [
      1316.0,
      94.95545316587932
    ],
    [
      830.0,
      92.86543103464281
    ],
    [
      992.0,
      92.09617828491854
    ]
  ],
  "test": [],
  "test2": [],
  "Em": [
    [
      498.0,
      134.03519535461572
    ],
    [
      992.0,
      113.62506016225029
    ],
    [
      998.0,
      109.48630943238976
    ],
    [
      496.0,
      107.21158621506353
    ],
    [
      990.0,
      95.39908976570479
    ],
    [
      654.0,
      74.1575603023724
    ],
    [
      328.0,
      63.92550710776079
    ]
  ],
  "A": [
    [
      442.0,
      330.82900133603766
    ],
    [
      1116.0,
      170.94323002279148
    ],
    [
      1114.0,
      120.92618648632313
    ],
    [
      876.0,
      111.57951550912023
    ],
    [
      1316.0,
      110.82540551612027
    ],
    [
      440.0,
      106.66675618485827
    ],
    [
      886.0,
      94.81325189220651
    ],
    [
      1314.0,
      94.47486438201433
    ],
    [
      878.0,
      88.48093566730915
    ]
  ]
}